Workbook
Name Slicer_Channel: #N/A
Name Slicer_Month: #N/A

Sheet Dashboard
A1: Marketing Campaign Health Dashboard - Pannaga A Kumar
A8: =SUMIF(Raw_Data!C:C,"Facebook Ads",Raw_Data!H:H) -> 80512 | E8: =SUM(Raw_Data!M:M) -> 1057643 | I8: =SUM(Raw_Data!M:M)/SUM(Raw_Data!H:H) -> 7.6765402 | M8: =SUM(Raw_Data!G:G) -> 9379 | S8: =AVERAGE(Raw_Data!I:I) -> 0.050201671
A11: Row Labels | B11: Sum of Revenue | D11: Row Labels | E11: Sum of ROAS | F11: Sum of Spend | H11: Channel | I11: Spend | J11: Revenue | K11: ROAS | L11: CTR
A12: January | B12: 78525 | D12: Email Marketing | E12: 6.6885579 | F12: 1477 | H12: Email Marketing | I12: =SUMIFS(Raw_Data!H:H,Raw_Data!C:C,H12) -> 1477 | J12: =SUMIFS(Raw_Data!M:M,Raw_Data!C:C, H12) -> 9879 | K12: =IF(I12=0,0,J12/I12) -> 6.6885579 | L12: =AVERAGEIFS(Raw_Data!I:I,Raw_Data!C:C,H12) -> 0.0084701943
A13: February | B13: 88366 | D13: Facebook Ads | E13: 997.98326 | F13: 80512 | H13: Facebook Ads | I13: =SUMIFS(Raw_Data!H:H,Raw_Data!C:C,H13) -> 80512 | J13: =SUMIFS(Raw_Data!M:M,Raw_Data!C:C, H13) -> 585209 | K13: =IF(I13=0,0,J13/I13) -> 7.2685935 | L13: =AVERAGEIFS(Raw_Data!I:I,Raw_Data!C:C,H13) -> 0.05345797
A14: March | B14: 88318 | D14: Google Ads | E14: 106.05388 | F14: 7395 | H14: Google Ads | I14: =SUMIFS(Raw_Data!H:H,Raw_Data!C:C,H14) -> 7395 | J14: =SUMIFS(Raw_Data!M:M,Raw_Data!C:C, H14) -> 72624 | K14: =IF(I14=0,0,J14/I14) -> 9.8206897 | L14: =AVERAGEIFS(Raw_Data!I:I,Raw_Data!C:C,H14) -> 0.0430238
A15: April | B15: 107521 | D15: Instagram Ads | E15: 492.18267 | F15: 35602 | H15: Instagram Ads | I15: =SUMIFS(Raw_Data!H:H,Raw_Data!C:C,H15) -> 35602 | J15: =SUMIFS(Raw_Data!M:M,Raw_Data!C:C, H15) -> 297528 | K15: =IF(I15=0,0,J15/I15) -> 8.3570586 | L15: =AVERAGEIFS(Raw_Data!I:I,Raw_Data!C:C,H15) -> 0.046334905
A16: May | B16: 33600 | D16: LinkedIn Ads | E16: 117.16322 | F16: 12790 | H16: LinkedIn Ads | I16: =SUMIFS(Raw_Data!H:H,Raw_Data!C:C,H16) -> 12790 | J16: =SUMIFS(Raw_Data!M:M,Raw_Data!C:C, H16) -> 92403 | K16: =IF(I16=0,0,J16/I16) -> 7.2246286 | L16: =AVERAGEIFS(Raw_Data!I:I,Raw_Data!C:C,H16) -> 0.048413444
A17: June | B17: 106116 | D17: Grand Total | E17: 1720.0716 | F17: 137776
A18: July | B18: 109114
A19: August | B19: 101197
A20: September | B20: 67470
A21: October | B21: 110079
A22: November | B22: 80205
A23: December | B23: 87132
A24: Grand Total | B24: 1057643

Sheet Raw_Data
A1: Date | B1: Campaign Name | C1: Channel | D1: Campaign Type | E1: Impressions | F1: Clicks | G1: Conversions | H1: Spend | I1: CTR | J1: CPC | K1: CPA | L1: ROAS | M1: Revenue | N1: Month
A2: 45292 | B2: New Year Sale - Search | C2: Google Ads | D2: Search | E2: 15000 | F2: 850 | G2: 45 | H2: 650 | I2: =F2/E2 -> 0.056666667 | J2: =H2/F2 -> 0.76470588 | K2: =H2/G2 -> 14.444444 | L2: =M2/H2 -> 8.3769231 | M2: 5445 | N2: =TEXT(A2,"mmmm") -> January
A3: 45292 | B3: New Year Sale - Social | C3: Facebook Ads | D3: Video | E3: 25000 | F3: 1200 | G3: 38 | H3: 420 | I3: =F3/E3 -> 0.048 | J3: =H3/F3 -> 0.35 | K3: =H3/G3 -> 11.052632 | L3: =M3/H3 -> 8.4142857 | M3: 3534 | N3: =TEXT(A3,"mmmm") -> January
A4: 45323 | B4: Brand Awareness - Display | C4: Google Ads | D4: Display | E4: 35000 | F4: 780 | G4: 22 | H4: 380 | I4: =F4/E4 -> 0.022285714 | J4: =H4/F4 -> 0.48717949 | K4: =H4/G4 -> 17.272727 | L4: =M4/H4 -> 5.5578947 | M4: 2112 | N4: =TEXT(A4,"mmmm") -> February
A5: 45323 | B5: Retargeting Campaign | C5: Facebook Ads | D5: Display | E5: 22000 | F5: 880 | G5: 41 | H5: 275 | I5: =F5/E5 -> 0.04 | J5: =H5/F5 -> 0.3125 | K5: =H5/G5 -> 6.7073171 | L5: =M5/H5 -> 15.952727 | M5: 4387 | N5: =TEXT(A5,"mmmm") -> February
A6: 45352 | B6: Shopping Campaign | C6: Google Ads | D6: Shopping | E6: 28000 | F6: 1250 | G6: 65 | H6: 720 | I6: =F6/E6 -> 0.044642857 | J6: =H6/F6 -> 0.576 | K6: =H6/G6 -> 11.076923 | L6: =M6/H6 -> 10.111111 | M6: 7280 | N6: =TEXT(A6,"mmmm") -> March
A7: 45352 | B7: Engagement Campaign | C7: Facebook Ads | D7: Engagement | E7: 31000 | F7: 1550 | G7: 28 | H7: 285 | I7: =F7/E7 -> 0.05 | J7: =H7/F7 -> 0.18387097 | K7: =H7/G7 -> 10.178571 | L7: =M7/H7 -> 14.638596 | M7: 4172 | N7: =TEXT(A7,"mmmm") -> March
A8: 45383 | B8: Mobile App Install | C8: Google Ads | D8: App | E8: 42000 | F8: 1680 | G8: 85 | H8: 850 | I8: =F8/E8 -> 0.04 | J8: =H8/F8 -> 0.50595238 | K8: =H8/G8 -> 10 | L8: =M8/H8 -> 10.5 | M8: 8925 | N8: =TEXT(A8,"mmmm") -> April
A9: 45383 | B9: Video Marketing | C9: Facebook Ads | D9: Video | E9: 38000 | F9: 1520 | G9: 55 | H9: 465 | I9: =F9/E9 -> 0.04 | J9: =H9/F9 -> 0.30592105 | K9: =H9/G9 -> 8.4545455 | L9: =M9/H9 -> 13.483871 | M9: 6270 | N9: =TEXT(A9,"mmmm") -> April
A10: 45413 | B10: Brand Keywords | C10: Google Ads | D10: Search | E10: 18000 | F10: 1106 | G10: 62 | H10: 620 | I10: =F10/E10 -> 0.061444444 | J10: =H10/F10 -> 0.56057866 | K10: =H10/G10 -> 10 | L10: =M10/H10 -> 9.1 | M10: 5642 | N10: =TEXT(A10,"mmmm") -> May
A11: 45413 | B11: Event Promotion | C11: Facebook Ads | D11: Event | E11: 19500 | F11: 975 | G11: 32 | H11: 255 | I11: =F11/E11 -> 0.05 | J11: =H11/F11 -> 0.26153846 | K11: =H11/G11 -> 7.96875 | L11: =M11/H11 -> 17.066667 | M11: 4352 | N11: =TEXT(A11,"mmmm") -> May
A12: 45444 | B12: Competitor Keywords | C12: Google Ads | D12: Search | E12: 28500 | F12: 1140 | G12: 48 | H12: 765 | I12: =F12/E12 -> 0.04 | J12: =H12/F12 -> 0.67105263 | K12: =H12/G12 -> 15.9375 | L12: =M12/H12 -> 9.0980392 | M12: 6960 | N12: =TEXT(A12,"mmmm") -> June
A13: 45444 | B13: Lookalike Audience | C13: Facebook Ads | D13: Lookalike | E13: 26500 | F13: 1325 | G13: 48 | H13: 485 | I13: =F13/E13 -> 0.05 | J13: =H13/F13 -> 0.36603774 | K13: =H13/G13 -> 10.104167 | L13: =M13/H13 -> 11.876289 | M13: 5760 | N13: =TEXT(A13,"mmmm") -> June
... A168: 45479 | B168: Campaign 10 | C168: Instagram Ads | D168: Photo | E168: 48292 | F168: 1333 | G168: 28 | H168: 1204 | I168: =F168/E168 -> 0.027602916 | J168: =H168/F168 -> 0.90322581 | K168: =H168/G168 -> 43 | L168: =M168/H168 -> 3.3953488 | M168: 4088 | N168: =TEXT(A168,"mmmm") -> July

Sheet Pie Chart
A3: Row Labels | B3: Sum of Spend
A4: Email Marketing | B4: 1477
A5: Facebook Ads | B5: 80512
A6: Google Ads | B6: 7395
A7: Instagram Ads | B7: 35602
A8: LinkedIn Ads | B8: 12790
A9: Grand Total | B9: 137776

Sheet Bar Chart
A3: Row Labels | B3: Sum of ROAS
A4: Email Marketing | B4: 6.6885579
A5: Facebook Ads | B5: 997.98326
A6: Google Ads | B6: 106.05388
A7: Instagram Ads | B7: 492.18267
A8: LinkedIn Ads | B8: 117.16322
A9: Grand Total | B9: 1720.0716

Sheet Line Graph
A3: Row Labels | B3: Sum of Revenue
A4: January | B4: 78525
A5: February | B5: 88366
A6: March | B6: 88318
A7: April | B7: 107521
A8: May | B8: 33600
A9: June | B9: 106116
A10: July | B10: 109114
A11: August | B11: 101197
A12: September | B12: 67470
A13: October | B13: 110079
A14: November | B14: 80205
A15: December | B15: 87132
A16: Grand Total | B16: 1057643
